2076,4785,5793,6338,9484
2076,2564,5793,6395,9484,9994
5793,9484
2076,2564,5793,6395,9994
2076,9484
2564,5793,6395,9994
2076,2564,5793,6395,9484,9994
2076,2564,5016,5793,6395,9484,9994
2076,2564,5793,6395,9484,9994
2076,2564,9484,9994
2564,5793,6395,9994
2076,4785,5793,6338,9484
2076,5016,9484
2076,2564,5793,6395,9484,9994
2076,2564,5016,5793,6338,6395,9484,9994
2564,5793,6395,9994
2564,5793,6395,9994
5793,6338,9484
2076,2564,5016,5793,6395,9484,9994
2564,4785,5793,6338,6395,9484,9994
2076,5793,6338,9484,9994
2076,2564,5793,9484,9994
2076,9484
2076,2564,5793,6395,9484,9994
2076,5016,9484
2564,5793,6395,9484,9994
2076,5793,9484
2076,2564,5793,6395,9484,9994
2076,2564,5793,6395,9484,9994
2076,5793,6338,6395,9484
2564,5793,6395,9994
2076,5016,5793,9484
2076,5016,5793,9484
2076,5016,9484
2076,5793,6395,9484,9994
2076,2564,5016,5793,6395,9484,9994
2076,2564,5793,6395,9484,9994
2076,2564,5016,5793,6395,9484
2564,5793,6395,9994
2076,2564,5793,6395,9484
2076,4785,5016,5793,6338,9484
2564,5793,9994
2076,2564,5016,5793,6395,9484,9994
2076,2564,5793,6395,9484,9994
2076,2564,4785,5016,5793,6338,6395,9484,9994
2076,9484,9994
5793
2076,2564,4785,5016,5793,6338,6395,9484
5793,6395
2564,5793,9994
2076,2564,5793,6395,9484,9994
2076,4785,5793,6338,9484
2564,4785,5793,6338,6395,9994
2076,9484
2076,2564,5016,5793,6395,9484,9994
2564,5016,5793,6395
2076,9484
2076,9484
2076,2564,5793,6395,9484,9994
2076,2564,5016,5793,6395,9484,9994
2564,5793,6395,9994
2076,5016,6338,9484
2076,2564,6395,9484
5016,5793,9484
2076,5793,9484
2564,5793,6395,9484
2076,9484
2076,9484
2076,2564,5016,5793,6395,9484,9994
9484
2076,2564,4785,5016,5793
2564,5793,9484,9994
2076,4785,6338,9484
2076,5793,6395,9484,9994
2076,2564,6395
2076,9484
2076,9484
2076,4785,5016,5793,6338,9484
2076,9484
2076,5793,9484
2076,5016,5793,9484
2076,5016,9484
2564,5016,5793,6395,9994
2564,5793,6395,9994
2076,9484
2076,2564,5793,6395,9484,9994
2076,5016,5793,9484
2076,5016,9484
2076,9484
2076,2564,5793,6395,9484,9994
2076,9484
2076,2564,5016,5793,6395,9484,9994
2076,5793,6395,9484
2076,2564,5016,5793,6395,9484,9994
2076,2564,5016,5793,6395,9484,9994
2076,9484
2076,4785,5016,5793,6338,9484
2076,2564,5793,6395,9994
2076,2564,5793,6395,9994
2076,9484
2076,2564,5016,5793,6395,9484,9994
2076,2564,5793,6395,9484,9994
2076,2564,5793,6395,9484,9994
2564,5793,6395,9994
2564,5793,6395,9994
2076,5793,9484
2076,2564,5793,6395,9484,9994
2564,5016,5793,6395,9484,9994
2076,5793,6395,9484
2076,2564,5793,9484
5793,9484
2076,2564,4785,6338,6395,9484,9994
2076,5016,5793,9484,9994
2076,2564,5793,6395,9484
2564,6395,9994
2076,2564,5793,9484,9994
2076,2564,5793,6395,9484,9994
2076,4785,5016,5793,6338,9484
2076,2564,5793,6395,9484,9994
2076,2564,5793,6395,9484,9994
2564,6395,9994
2076,2564,5016,5793,6338,6395,9484,9994
2076,2564,5793,9484,9994
2076,2564,5016,5793,6395,9484
2076,5016,5793,9484
2564,5793,6395,9994
2076,2564,5793,6395,9484,9994
2564,5016,5793,6395,9994
2076,5793,9484
2076,2564,4785,5793,9484,9994
2076,2564,5016,5793,9484
2076,2564,4785,5016,5793,6338,6395,9484,9994
2076,4785,5793,6338,9484,9994
2564,5793,6395,9484,9994
2076,2564,5016,5793,6395,9484,9994
2076,5016,9484
2564,5793,6395
2076,5016,5793,6395,9484,9994
2564,5793,6395,9994
2076,6395,9484,9994
2076,2564,4785,5793,6395,9484,9994
2076,2564,5016,5793,9484
5793
2076,9484
2076,2564,5016,5793,6395,9484,9994
2076,2564,5016,5793,6395,9484,9994
2076,5016,5793,6395,9994
2076,2564,5793,6395
2076,2564,5016,5793,6395,9484,9994
2076,2564,5016,5793,6395,9484
2076,2564,5793,9484,9994
2076,5793,9484,9994
2076,2564,5793,6395,9484,9994
2076,2564,5016,5793,6395,9484,9994
2076,2564,5016,6395,9484
2564,5793,6395,9994
2076,2564,5793,6395,9484,9994
2076,5793,9484
2076,5016,5793,6395,9484,9994
2076,9484
2076,2564,4785,5793,6338,9484
2076,4785,5016,6338,9484
2076,2564,5793,6395,9484,9994
2076,4785,5016,6338,9484
2076,2564,5793,6395,9484,9994
2076,4785,6338,9484
2076,2564,5793,9484,9994
2076,5016,5793,9484
2076,5793,9484
2564,5793,6395,9994
2076,9484
2076,5793,6338,9484
2564,5793,6395,9994
2076,2564,4785,5016,5793,6338,6395,9484,9994
2076,2564,5793,9484
2076,2564,5793,6395,9484,9994
2076,2564,5016,5793,6395,9484,9994
2076,2564,5793,6395,9484,9994
2076,2564,5016,5793,6395,9484,9994
2564,5793,6395
2076,2564,4785,5793,6338,6395,9484
2076,2564,5793,6395,9484,9994
2076,2564,5793,6395,9484,9994
2076,2564,5016,5793,6395,9484,9994
2076,5016,5793,6395,9484
2076,2564,5793,6395,9484,9994
2076,2564,5016,5793,6395,9484,9994
2076,4785,5016,6338,9484,9994
4785,6338
2564,5793,6395,9994
2076,2564,5793,6395,9484,9994
2564,5016,5793,6395,9994
4785,5016,6338
2076,4785,5793,9484
2564,5793,6395
2564,5793,6395,9994
2076,5016,5793,9484
2076,2564,5793,6395,9484,9994
5016
2076,2564,5793,6395,9484
2076,2564,6395,9484,9994
2076,4785,5793,6338,9484
2076,2564,5793,6395,9484,9994
2076,5793,6338,9484
2076,2564,5016,5793,6395,9484,9994
2076,2564,6395,9484
2076,2564,5793,9484
2076,5793,9484
2564,5793,6395,9994
2076,2564,5793,9484,9994
2076
2076,5016,9994
2564,5793,6395
2076,2564,5016,5793,6395,9994
2076,6395,9484,9994
2076,2564,5793,6395,9484,9994
2076,5016,5793,6395,9484
2076,2564,5016,5793,6395,9484,9994
2076,2564,5793,6395,9484,9994
2076,5016,5793,6338,9484
2076,2564,5793,6395,9484,9994
5016,9484
2076,2564,5793,9484,9994
2076,2564,5016,5793,6395,9484,9994
2076,5793,9484
2076,2564,5793,6395,9484
5793,6395,9994
2076,9484
2076,5793,9484
2076,5793,6395,9484,9994
2076,2564,5016,5793,6338,9484
2564,4785,5793,6338,6395,9994
2564,5793,6395,9484,9994
2076,2564,5793,6395,9484,9994
2564,5016,5793,6395,9994
2076,2564,5016,5793,6395,9484,9994
2076,2564,5016,5793,6395,9484,9994
2076,5016,5793,9484
5016,5793
2076,2564,5016,5793,6395,9484,9994
2076,2564,5016,5793,6395
2076,9484
2076,5793,6395,9484,9994
2076,2564,5016,5793,6395,9484,9994
5016,9484
2076,2564,5793,6395,9484,9994
2076,9484
2076,5016,5793,9484,9994
2564,5793,6395,9484,9994
2564,5016,5793,6395,9484,9994
2076,2564,5016,5793,6395,9484
5793,6338
2076,2564,5793
2076,2564,5016,5793,6395,9484,9994
2564,5793,6395,9994
2564,5016,5793,6395,9994
2076,4785,5793,6338,9484,9994
2564,6395,9994
2076,2564,5793,6395,9484,9994
2076,9484
2076,2564,5016,5793,6395,9484,9994
2564,5793,6395,9994
2076,9484
2076,5016,6395,9484,9994
2076,2564,4785,5793,6338
2564,5793,6395,9994
2076,2564,5793,6395,9484,9994
2076,4785,6338,9484
2076,2564,5016,5793,6338,6395,9484
2076,5016,9484
2076,2564,5016,5793,9484
2076,2564,5016,5793,6395,9484,9994
2076,4785,6338,9484
2076,2564,5793,9484,9994
2076,2564,5793,6395,9484,9994
2076,2564,5793,6395,9484
2076,4785,5016,5793,9484
2564,5016,5793,6395,9994
2076,5016,5793,9484
2076,5793,9484
2564,5793,6395,9994
2076,4785,5016,5793,6338
2076,2564,5016,5793,6395,9484,9994
2076,5016,5793
2076,4785,5016,9484
2076,5793,9484
2076,2564,5793,9484,9994
2564,5016,5793,9994
2564,5016,5793,6395,9994
5793,6395,9994
2076,2564,5016,5793,9484
2076,9484
2076,2564,5793,6395,9484,9994
2076,2564,5793,6395,9484,9994
4785,5793
2076,2564,5016,6395,9484
2076
2076,4785,6338,9484
2076,2564,5793,6338,9484,9994
2076,5016,5793,9484
2076,6395,9484
2076,2564,5793,9484,9994
2076,2564,5016,5793,9484
2076,5016,5793,6395,9484,9994
2076,5016,5793,9484
2076,2564,5016,5793,9484,9994
2076,2564,5016,5793,6395,9484,9994
2076,2564,5016,5793,9994
2076,2564,5016,5793,6395,9484,9994
2564,5793,6395,9994
2076,2564,5793,6395,9484
2076,9484
2076,5016,5793,9484,9994
2076,4785,9484
2076,2564,4785,5793,6338,6395,9484,9994
2564,5793,6395,9994
2076,2564,5793,6395,9994
5016,5793
2564,5016,5793,6338,6395,9994
2076,2564,5793,6395,9484,9994
2076,5016,5793,6395,9484,9994
5793
2076,9484
2076,2564,5793,6395,9484
2564,5016,5793,6395,9994
2076,5016,5793,6395,9484
2076,2564,5016,5793,6395,9484,9994
2076,2564,5793,6395,9484,9994
2076,2564,5016,5793,6395,9484,9994
2564,5793,9994
2076,5016,9484
2076,2564,5016,5793,6395,9484,9994
2076,2564,5016,5793,6395,9484,9994
2564,5016,5793,6395,9484,9994
2076,2564,5793,6395,9484,9994
2076,2564,5016,5793,6395,9484,9994
2564,5793,6395,9484,9994
2076,5793,6395,9484
2076,2564,5793,6395,9484
2564,5793,6395,9994
2076,2564,5793,6338,6395,9994
2076,2564,5016,5793,6395,9484,9994
2076,5793,6395,9484,9994
2076,2564,5016,5793,6395,9484,9994
2076,2564,5793,6395,9994
2076,4785,5016,5793,6338,9484
2076,6395,9484
2076,9484
2076,2564,5793,9484,9994
2564,5793,9994
2564,4785,5793,6338,6395,9994
2076,2564,5016,5793,6395,9484
2076,9484
2076,2564,5793,6395,9484,9994
2076,5793,9484
2564,5793
2076,2564,5793,6395,9484,9994
2076,9484
2076,5016,5793,9484
2076,2564,5016,5793,6395
2076,4785,5016,6338,9484
2076,5016,9484
2564,6395,9994
2076,2564,5016,5793,6395,9484
2564,5793,6395,9484,9994
2076,5016,5793
2564,6395,9994
2564,4785,5793,6395,9994
2076,2564,5016,5793,6395,9484,9994
9484
2076,2564,5793,6395,9484,9994
2076,2564,5016,5793,6395,9484,9994
2076,9484
2564,4785,5016,5793,6338,9994
2076,2564,5793,6395,9484,9994
2564,5793,6395
2076,2564,5793,6395,9484,9994
2076,2564,5793,6395,9484,9994
2076,2564,5793,9484
2076,2564,5793,6395,9484,9994
2076,5016,5793,9484
2076,2564,5016,9484
2564,5016,5793,6395,9994
2076,2564,5793,6395,9484,9994
2564,4785,5793,6338,6395,9994
2076,2564,5793,9484,9994
2076,5016,9484
2076,5016,5793,9484
2076,2564,5793,9484
2076,5016,9484
2076,4785,5016,5793,6338,6395,9484,9994
2076,2564,5793,6395,9484,9994
2076,2564,5016,5793,9484,9994
2076,2564,5793,9484
2076,5793,9484
2076,4785,5793,6338,9484
2564,5793,6395,9994
2076,5016,5793,6395,9484,9994
2076,2564,5793,6395,9484,9994
2076,9484
2076,2564,5793,6395,9484,9994
2076,4785,5793,6338,9484,9994
2076,6338,9484
2076,9484
5793,6395,9994
2076,5016,5793,9484
2076,2564,5016,5793,6395,9484,9994
5793
5793,6395,9994
2076,2564,5793,6395,9484,9994
2076,2564,4785,9484,9994
2564,5793,6395,9484,9994
2076,5016,6395,9484,9994
2076,5016,5793,6395,9484,9994
2076,5016,5793,9484
2076,2564,5016,5793,6395,9484,9994
2076,2564,5793,6395,9484
2076,2564,5793,6395,9484,9994
2076,2564,4785,6338,6395,9484
2076,5793,9484
2076,5016,5793,9484
2564,4785,5793,6338,6395,9994
2076,2564,5016,5793,6395,9484,9994
2076,5016,5793,9484
5793,6395,9484,9994
2076,5016,6395,9484,9994
2076,2564,5793,9484
2564,5793
2564,5793,6395,9994
2564,5793,6395,9994
2076,5016,9484
2076,4785,5793,6338,9484
2076,4785,5793,6338,6395,9484,9994
2076,5016,9484
5016
2076,9484
2076,2564,5016,5793,6395,9484,9994
2076,2564,4785,5016,5793,6338,6395,9484,9994
2076,2564,5793,6395,9484,9994
2076,9484
2076,9484
2076,2564,5793,6395,9484,9994
2076,2564,5793,6395,9484,9994
2076,2564,9484,9994
4785,5016,5793,6338,6395,9994
2076,2564,5016,5793,6395,9484,9994
2076,2564,5016,5793,6395,9484
2564,6395,9994
2076,2564,5793,6395,9484
5793,9484
2564,5793,6395,9994
6395,9994
2076,2564,5016,5793,6395,9484,9994
2564,5016,5793,9994
2076,2564,5793,6395,9484,9994
2076,5016,9484
2076,4785,5016,5793,6338,6395,9484,9994
2076,2564,4785,5016,5793,6395,9484,9994
2564,5016,5793,6395,9994
2076,5016,9484
2076,5016,9484
2076,2564,5016,5793,9484
2076,2564,5793,6395,9484,9994
2076,4785,6338,9484
2076,2564,5016,5793,6395,9484
2564,5793,6395,9484
2076,5016,5793,6395,9484
2076,5793,9484
2564,5793,6395,9484,9994
2076,4785,5793,6338,9484
2076,2564,9484
2076,2564,5793,6395,9484
2076,4785,5016,6338,9484
2076,5793,6395,9484,9994
2564,5016,5793,6395,9994
2076,2564,5016,6395,9484,9994
2076,9484
2564,5793,6395,9994
2076,5016,5793,6395,9484,9994
2076,2564,5793,6395,9484,9994
2076,2564,5016,5793,6395,9484,9994
2076,2564,5793,6395,9484,9994
2076,2564,5793,6395,9484
2564,5016,5793,6395
2076,5793,6395,9484,9994
2076,9484
5793,6395,9994
2076,2564,5793,6395,9484,9994
2076,2564,5016,5793,6395,9484,9994
2564,4785,5793,6395,9994
2564,5016,5793,6395,9994
2076,2564,5793,9484
2076,4785,6338,9484
2076,2564,5793,6395,9484,9994
2076,2564,5793,6395,9484,9994
2076,2564,6395,9484,9994
2076,9484
2076,9484
2564,5793,6395,9994
2564,5793,6395
2076,2564,9484
2564,5793,9994